[
  {
    "cluster_index": 1,
    "cognitive_diagnosis": {
      "misconceptions": [
        "다항식의 방정식 해 이해 부족",
        "부등식 해석의 혼동"
      ],
      "logical_gaps": [
        "가장 기본적 해를 구하는 단계 생략"
      ],
      "missing_keywords": [
        "해 구하기",
        "부등식 변환",
        "다항식 성질"
      ]
    },
    "pattern_characteristics": {
      "specificity": "구체적",
      "approach": "정석 풀이",
      "error_type": "개념 오류 위주"
    },
    "quantitative_metrics": {
      "num_students": 26,
      "percentage": 27.7,
      "relative_length": "평균 문자 수가 중간 정도",
      "expected_score_level": "중~하"
    },
    "overall_summary": "이 클러스터의 학생들은 다항식 방정식과 부등식에 대한 이해가 부족하며, 기본적인 해 구하는 과정에서 논리적 비약이 관찰된다."
  },
  {
    "cluster_index": 2,
    "cognitive_diagnosis": {
      "misconceptions": [
        "다항식의 근 판별법에 대한 이해 부족",
        "함수의 성질에 대한 혼동"
      ],
      "logical_gaps": [
        "근의 개수에 대한 검토 부족",
        "부등식 적용에 대한 명확한 설명 결여"
      ],
      "missing_keywords": [
        "근 판별식",
        "부등식 해석",
        "p의 값에 대한 조건"
      ]
    },
    "pattern_characteristics": {
      "specificity": "구체적",
      "approach": "정석 풀이",
      "error_type": "개념 오류 위주"
    },
    "quantitative_metrics": {
      "num_students": 38,
      "percentage": 40.4,
      "relative_length": "평균적으로 적정한 길이를 유지하나 중복이 있음",
      "expected_score_level": "20~30점대에 머무를 가능성이 큼"
    },
    "overall_summary": "클러스터 2의 학생들은 정석적 접근 방식으로 문제를 해결하려 했으나, 개념적 혼동과 논리적 결손으로 인해 일부 답안에서 충분한 깊이를 가지지 못하였습니다."
  },
  {
    "cluster_index": 3,
    "cognitive_diagnosis": {
      "misconceptions": [
        "다항식의 근에 대한 이해 부족",
        "f(x)와 x의 관계 해석 오류"
      ],
      "logical_gaps": [
        "함수의 성질을 설명하는 단계 부재"
      ],
      "missing_keywords": [
        "함수의 연속성",
        "극한 개념"
      ]
    },
    "pattern_characteristics": {
      "specificity": "구체적",
      "approach": "정석 풀이",
      "error_type": "개념 오류"
    },
    "quantitative_metrics": {
      "num_students": 28,
      "percentage": 29.8,
      "relative_length": "다른 클러스터 대비 보통 수준",
      "expected_score_level": "중~하"
    },
    "overall_summary": "이 클러스터는 다항식의 근을 다루면서 개념적 이해 부족과 특정 단계의 논리적 결손이 나타나며, 정석적인 접근을 따르지만 오류가 빈번하게 발생하는 모습을 보인다."
  },
  {
    "cluster_index": 4,
    "cognitive_diagnosis": {
      "misconceptions": [
        "함수의 정의역과 치역 개념 혼동",
        "직선의 방정식에 대한 이해 부족"
      ],
      "logical_gaps": [
        "구간 설정 후 함수의 성질을 활용한 설명 단계가 부족"
      ],
      "missing_keywords": [
        "함수의 연속성",
        "극한",
        "대수적 조작"
      ]
    },
    "pattern_characteristics": {
      "specificity": "보통",
      "approach": "직관적 접근",
      "error_type": "개념 오류 위주"
    },
    "quantitative_metrics": {
      "num_students": 2,
      "percentage": 2.1,
      "relative_length": "다른 클러스터에 비해 짧은 편",
      "expected_score_level": "대략 상/중"
    },
    "overall_summary": "클러스터 4의 학생들은 함수에 대한 개념적 오해와 논리적 비약이 있으며, 답안이 구체적이지 않고 간결해 전반적으로 중간 정도의 점수를 예상하게 된다."
  }
]